Designator,Quantity,LibRef,PartNumber,Supplier 1,Supplier Part Number 1

"U3","1","OPA192ID","OPA192","Digi-Key","296-44516-5-ND"
"U2","1","OPA192ID","OPA192","Digi-Key","296-44516-5-ND"
"U1","1","OPA192ID","OPA192","Digi-Key","296-44516-5-ND"
"R13","1","ERJ-PB6D3831V","","DigiKey","P21084CT-ND"
"R12","1","ERA-6AEB104V","","DigiKey","P100KDACT-ND"
"R11","1","ERA-6ARW203V","","DigiKey","P20KBSCT-ND"
"R10","1","ERA-6ARW203V","","DigiKey","P20KBSCT-ND"
"R9","1","ERA-6AEB104V","","DigiKey","P100KDACT-ND"
"R8","1","WSHP2818R0100FEA","","DigiKey","541-3276-1-ND"
"R7","1","ERA-6AEB104V","","DigiKey","P100KDACT-ND"
"R6","1","ERA-6AEB104V","","DigiKey","P100KDACT-ND"
"R5","1","ERJ-6ENF49R9V","","DigiKey","P49.9CCT-ND"
"R4","1","5-1625868-4","","DigiKey","A110378CT-ND"
"R3","1","ERA-6AEB104V","","DigiKey","P100KDACT-ND"
"R2","1","ERJ-PB6D3831V","","DigiKey","P21084CT-ND"
"R1","1","ERJ-PB6B2000V","","DigiKey","P20512CT-ND"
"J4","1","0022272021","","DigiKey","WM4111-ND"
"J3","1","0022272031","","DigiKey","WM4112-ND"
"J2","1","282834-4","","DigiKey","A98335-ND"
"J1","1","0022272021","","DigiKey","WM4111-ND"
"C11","1","CC0805MRX7R8BB104","","DigiKey","311-4348-1-ND"
"C10","1","CC0805MRX7R8BB104","","DigiKey","311-4348-1-ND"
"C9","1","CC0805MRX7R8BB104","","DigiKey","311-4348-1-ND"
"C8","1","CL21A106KAYNNNE","","DigiKey","1276-2891-1-ND"
"C7","1","CC0805MRX7R8BB104","","DigiKey","311-4348-1-ND"
"C6","1","CC0805MRX7R8BB104","","DigiKey","311-4348-1-ND"
"C5","1","CC0805MRX7R8BB104","","DigiKey","311-4348-1-ND"
"C4","1","CL21A106KAYNNNE","","DigiKey","1276-2891-1-ND"
"C3","1","600F1R1BT250XT","","DigiKey","1284-1028-1-ND"
"C2","1","600F1R1BT250XT","","DigiKey","1284-1028-1-ND"
"C1","1","600F1R1BT250XT","","DigiKey","1284-1028-1-ND"
